city,state,restaurant_count_x,avg_rating,total_reviews,avg_review_per_restaurant,norm_demand,norm_competition,norm_rating,opportunity_score,sentiment,stars,restaurant_count_y,opportunity_with_sentiment,norm_sentiment,opportunity_with_sentiment_v2,confidence,weighted_sentiment,opportunity_with_sentiment_v3,opportunity_with_sentiment_v4
Edmonton,AB,1550,3.512258064516129,48241,31.1232258064516,0.0952533221078536,0.4319032536711776,0.5971995329916518,-0.2013842216457568,0.5131998557440155,3.489849564641477,2162,0.37929024491452007,0.662491585629186,0.39421941790303716,0.31208925001215115,0.20675650209837346,0.3486459095499559,0.36585750472697054
Sherwood Park,AB,107,3.593457943925232,2058,19.23364485981308,0.0017870369995588,0.0164123236395047,0.678264209727126,-0.1396830205374972,0.533257067158552,3.51613789295226,136,0.48476966636925245,0.7470132439510444,0.5061452840485017,0.06446045160886865,0.048152811062890294,0.4362592407596863,0.4688839737009275
Tucson,AZ,1643,3.460133901399876,192649,117.2544126597687,0.387509764953027,0.4586812553987906,0.5451621597359898,-0.0528819260903216,0.48957640577522815,3.467927027025125,2469,0.4753896018862944,0.5629416967947771,0.4827261309882493,0.6236688284441931,0.35108918852238485,0.4615408801610101,0.4739545343961618
Oro Valley,AZ,62,3.5,7336,118.32258064516132,0.0124687825076804,0.0034552260293694,0.5849618788887909,-0.1117945523327288,0.5130799919621236,3.4848827851821014,80,0.47225132016823185,0.6619864762493803,0.4871419685969575,0.12170272990438773,0.08056556131933572,0.42899987710395304,0.4546660839098725
Carpinteria,CA,58,3.853448275862069,9114,157.1379310344828,0.0160671424003367,0.0023034840195796,0.9378216421541216,-0.1802218024365298,0.5575891867014579,3.7080922139007573,81,0.5490590588552309,0.8495494864898039,0.5782550888340655,0.13565167813726775,0.11524281350299598,0.5048244215353848,0.5365809716295922
Santa Barbara,CA,445,3.915730337078653,127058,285.523595505618,0.2547650946947465,0.1137345234667434,1.0,-0.1067378096926497,0.5915786992684636,3.8200333264138395,766,0.626943550764722,0.9927822574039527,0.6670639065782709,0.5064909223657652,0.5028352012608945,0.6180692009639651,0.6301630484428105
Goleta,CA,116,3.693965517241379,18891,162.85344827586206,0.0358540741610235,0.0190037431615318,0.7786044319002525,-0.1434949722479982,0.5118830397072223,3.5530852274222764,220,0.5155496970667226,0.6569424854659445,0.5300556416425948,0.19529815147359678,0.12829965303596916,0.47719135839959725,0.49900122107734873
Newark,DE,108,3.282407407407406,7955,73.65740740740738,0.0137215298493869,0.0167002591419522,0.3677315910249026,-0.0716956310228726,0.3995027080597345,3.2021800389005888,146,0.4139751232081231,0.183368577443918,0.3923617101465414,0.12673330205532105,0.023238905312654587,0.3763487429334151,0.38387935776681487
Wilmington,DE,438,3.5045662100456623,23975,54.737442922374456,0.0461431977236022,0.1117189749496112,0.5895204859206185,-0.1283481908072059,0.48008048507747947,3.478587633467672,620,0.4508537322964291,0.5229256173868053,0.4551382455273617,0.22001382253303758,0.1150508639817197,0.4143507701868532,0.43129912454420155
New Castle,DE,84,3.291666666666667,2628,31.28571428571429,0.0029406169426488,0.0097898070832133,0.3769754330616653,-0.0768617202659726,0.4057857971745713,3.3117369322584147,102,0.41421297098188575,0.20984569334972836,0.39461896059940144,0.07284224781453552,0.015285631997793942,0.375162954464208,0.3842737067790475
Dunedin,FL,130,3.880769230769232,15204,116.95384615384616,0.0283922333712463,0.0230348401957961,0.9650971060312924,-0.1857337565793741,0.5932914885352496,3.822926800550656,188,0.5567950113495431,1.0000000000000002,0.5974658624960183,0.17520624787493153,0.17520624787493155,0.5149864872835114,0.5488854741645806
Clearwater,FL,436,3.608944954128444,44768,102.67889908256883,0.0882245797528505,0.1111431039447163,0.6937254331286671,-0.1279757279327231,0.5217113056225439,3.607242531859749,678,0.49286311790571313,0.6983590770559955,0.5105278950490584,0.3006453596369979,0.20995841587726172,0.46168782893118493,0.48002117018390106
Riverview,FL,159,3.317610062893083,12408,78.0377358490566,0.0227336201767203,0.0313849697667722,0.4028756319759875,-0.078623807236869,0.43507058435455737,3.347299562033533,198,0.42376014197130973,0.33325261791658023,0.413578345327512,0.15827836341058144,0.05274667896612813,0.38552775143246676,0.398052395440519
St Petersburg,FL,81,3.5864197530864184,14227,175.64197530864203,0.0264149568723007,0.008926000575871,0.6712377378985602,-0.1237178693163229,0.518226864271261,3.5922370119500346,121,0.49395841658299716,0.6836755422789611,0.5105032843837671,0.16948346111619003,0.11587169718592644,0.4537228998744637,0.4776402551134341
Pinellas Park,FL,123,3.471544715447155,9285,75.48780487804876,0.0164132163832637,0.0210192916786639,0.5565539740928913,-0.1094099741305455,0.4776371689407177,3.514302063655483,167,0.4593340107623563,0.5126294138211398,0.46283323525039854,0.1369183360802101,0.07018836636616392,0.41858913050490093,0.4380224253785047
Brandon,FL,227,3.453744493392071,24669,108.67400881057272,0.0475477318999259,0.0509645839331989,0.5387833904760728,-0.0992721873252112,0.48029663857842825,3.464797742723304,326,0.45951605953306807,0.5238364943763665,0.4638700451128619,0.22317545615957465,0.11690744858547805,0.4231771405337731,0.44005560698903984
Tarpon Springs,FL,93,3.74731182795699,9570,102.9032258064516,0.0169900063548088,0.0123812266052404,0.8318619178061538,-0.1615917483653985,0.5589137274006478,3.7353020661034764,151,0.525345390861647,0.8551311385996871,0.5549671319815509,0.13900378547903222,0.11886646534635148,0.48134066465621733,0.513060075369307
Spring Hill,FL,107,3.420560747663552,3978,37.17757009345794,0.0056727799657568,0.0164123236395047,0.5056548976762048,-0.1032182866442139,0.49241318327396105,3.470924407635424,153,0.4477177127570883,0.5748959577100938,0.4559659902007016,0.0896196096651904,0.05152195132807442,0.4036285895624997,0.4275048313134848
Valrico,FL,60,3.441666666666666,3027,50.45000000000001,0.0037481229028119,0.0028793550244745,0.526725674057195,-0.1043348798673754,0.4553239664428585,3.4420586522467205,77,0.4515129741095072,0.4186009450269361,0.447840671967915,0.07817661631340052,0.03272480546779765,0.4092530580120011,0.4270980308617087
Wesley Chapel,FL,122,3.3811475409836067,11610,95.16393442622947,0.0211186082563942,0.0207313561762165,0.4663073163513487,-0.0889215659949375,0.45218046550877455,3.3233343687646593,158,0.44070754627083997,0.4053541428472214,0.4360249140046846,0.15310408152905403,0.06206137373462079,0.4016956370934246,0.4168131372751433
Largo,FL,206,3.509708737864078,12914,62.68932038834952,0.0237576753542704,0.0449179383818024,0.5946544511215117,-0.1205274340617078,0.4925097025957509,3.5200089786686903,310,0.4642095491110449,0.575302692872284,0.4724888481386982,0.16147342221499777,0.0928960946275915,0.42424818831422895,0.4449115972627975
Tampa,FL,1965,3.6269720101781098,236140,120.17302798982182,0.4755279146107983,0.5513964871868701,0.7117224730478501,-0.0699994834602319,0.5135711890572884,3.595586895015505,2961,0.5184938332035571,0.664056394753411,0.5335423537731694,0.6904868913821911,0.45852223571574796,0.5129889378694031,0.5241159297660388
Hudson,FL,65,3.3923076923076936,2726,41.93846153846156,0.0031389517398818,0.0043190325367117,0.4774488853535394,-0.0952160109617804,0.4692810220314499,3.394842998752851,95,0.44237775020879205,0.4774163735158201,0.44319128535722907,0.07418798652001664,0.03541855948282689,0.3989915039539298,0.41947741426843216
New Port Richey,FL,166,3.4819277108433733,8299,49.99397590361447,0.0144177254641641,0.0334005182839044,0.5669196811784857,-0.1161952289887864,0.48959644608119146,3.4899407202254555,226,0.4580905155443106,0.5630261472130476,0.4654334856574962,0.1294444817029759,0.07288062781121635,0.4164189337173131,0.438003064570052
Lutz,FL,134,3.529850746268657,10035,74.88805970149252,0.0179310847294349,0.0241865822055859,0.6147629218729761,-0.1212430166715535,0.5030528029409829,3.5739434862999797,178,0.4731743238987917,0.6197316170440119,0.4848422053090946,0.14234078186759122,0.08821308291811128,0.4316903518965045,0.4547521786933657
Port Richey,FL,77,3.357142857142856,4433,57.57142857142858,0.0065936200957673,0.0077742585660811,0.442342601750189,-0.0875039878719785,0.47685133881797204,3.374151778675154,106,0.4364588247003176,0.5093179033742985,0.43970548115595026,0.0946061837796456,0.04818462316889266,0.3935921531354097,0.41456926699202373
Plant City,FL,92,3.2989130434782608,3951,42.94565217391305,0.0056181367052947,0.0120932911027929,0.3842097442208693,-0.0776608678223644,0.4410876115449294,3.376535578479783,111,0.41956997734994683,0.3586085413192408,0.411322070327378,0.08931495288664576,0.032029104972676754,0.3786641266927216,0.3936725500966807
Saint Petersburg,FL,300,3.6633333333333327,39370,131.23333333333332,0.0772999753093415,0.0719838756118629,0.7480232524172573,-0.1325498255123395,0.526010144376258,3.622658984504482,491,0.5115304923612549,0.716474505607487,0.5305769284843779,0.28193783860678606,0.20200127352784053,0.4791296052764132,0.4986182019694706
Seminole,FL,85,3.5352941176470587,5049,59.39999999999999,0.0078402959640892,0.0100777425856608,0.6201972297112684,-0.1231426207359073,0.5031018185373395,3.4985781833445917,120,0.47446242340592504,0.6199381701586038,0.48614605856805143,0.1009655798938537,0.06259241684839797,0.4304114832370309,0.45554116485832574
St. Petersburg,FL,253,3.756916996047431,27800,109.88142292490116,0.0538843262890749,0.0584509069968327,0.841451092715128,-0.1588833274975379,0.5547889691888663,3.655482126059482,404,0.5277875738784924,0.8377492903940189,0.5560836059990076,0.2369152717468599,0.19847560078943802,0.49215623703854955,0.5168903577937605
Clearwater Beach,FL,54,3.768518518518519,15892,294.29629629629613,0.0297846246008006,0.0011517420097898,0.8530332979548646,-0.1560598698935095,0.5390030773286054,3.599746594733376,77,0.5360752945612167,0.7712270939359522,0.5592976962219514,0.17912653985779325,0.13814724078132842,0.495989710906489,0.5222255727551939
Palm Harbor,FL,129,3.6899224806201536,10638,82.46511627906979,0.0191514508797564,0.0227469046933486,0.774568127177704,-0.1521619714036671,0.5487152932798817,3.674547607744135,207,0.510621663707427,0.8121546476828769,0.5369655991477265,0.1465550039901438,0.11902532763177785,0.46765266714261655,0.4973154393075704
Meridian,ID,236,3.4216101694915246,21052,89.20338983050848,0.0402275588224579,0.053556003455226,0.506702572153838,-0.0972935360561064,0.4883372553996044,3.440387448909404,312,0.4501984624631434,0.5577198819326188,0.4571367251164448,0.20616613976118364,0.11498295512611112,0.41286303243579403,0.43126210896093675
Eagle,ID,63,3.6111111111111103,5118,81.23809523809523,0.007979939851937,0.0037431615318168,0.6958879833299237,-0.1363105751995613,0.5522845070134031,3.5433781860485265,92,0.4964750748485548,0.8271954156853394,0.5239661657157484,0.10165314026950129,0.08408701162095022,0.4496553253093095,0.4830053919240783
Boise,ID,603,3.5970149253731334,55551,92.12437810945276,0.1100474789218682,0.1592283328534408,0.6818152685873918,-0.1291078141125764,0.5267363396574393,3.5844325694185764,849,0.48528717939593735,0.7195347131389516,0.5045670167440885,0.334901119489271,0.24097298094162634,0.45671084352435604,0.47409265503323444
Edwardsville,IL,89,3.4438202247191003,5238,58.85393258426967,0.0082227987873243,0.0112294845954506,0.5288756463061943,-0.1050325752462118,0.49823270232605105,3.439449076871632,128,0.45551867363013854,0.5994195762108092,0.4656373610186143,0.102837948808227,0.06164307969301632,0.411859711366835,0.43607752214744006
Collinsville,IL,58,3.1034482758620694,2072,35.7241379310345,0.0018153705420206,0.0023034840195796,0.1890704371764691,-0.0375974473701573,0.4223117337015416,3.130143076324632,70,0.3800803638163823,0.279486459043057,0.36579783635053387,0.06467933322891041,0.018076997817414106,0.3396568902279696,0.351914281925482
Belleville,IL,100,3.135,4436,44.35999999999999,0.006599691569152,0.0143967751223725,0.2205696257996662,-0.045133111912069,0.40775264777357667,3.2199110507666266,146,0.38321003402823994,0.2181340576125086,0.36424817501213314,0.09463819038347518,0.02064381247345253,0.34449915049822755,0.35367145670996536
Alton,IL,63,3.412698412698412,2323,36.87301587301587,0.0023233504818726,0.0037431615318168,0.4978056539707566,-0.09952240401276,0.462701351183236,3.4273756014635417,84,0.4456376576456789,0.4496894537656515,0.44433646790392045,0.06848496900348267,0.030796968302333694,0.40244721935758865,0.4219681627397316
Fairview Heights,IL,53,3.216981132075472,3527,66.54716981132076,0.0047600351335926,0.0008638065073423,0.3024142543689221,-0.0583619752591908,0.37626974906824445,3.1349381482179504,77,0.3997546978818432,0.08546422867381565,0.3706741458424003,0.08438658043007702,0.007212034006877439,0.36284892637570654,0.36663893616538923
Greenwood,IN,150,3.286666666666666,8725,58.16666666666666,0.0152798746847893,0.0287935502447451,0.371983758361814,-0.0753948794033916,0.44481604378281425,3.2879792341178464,207,0.4163522408511364,0.37432026061927814,0.4093026625347828,0.1327251963354654,0.049681730083036266,0.3768388094811586,0.3913506432380584
Avon,IN,81,3.333333333333332,5047,62.308641975308646,0.0078362483151661,0.008926000575871,0.418572722227089,-0.082474220460596,0.451489098936968,3.328956736071197,110,0.42932015349241975,0.4024407044858429,0.42441531404730726,0.10094558076918611,0.04062461063948381,0.3882337046626713,0.4046850912387734
Brownsburg,IN,64,3.218749999999999,3040,47.5,0.0037744326208122,0.0040310970342643,0.3041801770221701,-0.0601581482043072,0.419766109021676,3.278667560614369,79,0.4031130902446472,0.2687591243722287,0.3880123917797025,0.07834430828268789,0.021055747693603143,0.3632420541118399,0.3747631571921317
Carmel,IN,175,3.7114285714285686,20263,115.78857142857149,0.0386307613222859,0.0359919378059314,0.7960384090539168,-0.1506898824914198,0.537205335859717,3.5921508474241732,290,0.51758293858389,0.7636513603484658,0.5402275410327649,0.20226583460902015,0.15446057975119604,0.479308462973038,0.5039765110814559
Indianapolis,IN,1902,3.4839642481598334,186568,98.09043112513156,0.3752028884022715,0.5332565505326807,0.5689528275380615,-0.0861660864662807,0.4752332500828873,3.486934085855896,2859,0.4514180807170054,0.5024992315073729,0.4541446788594539,0.6137467941008977,0.3084072923758149,0.4347354849462981,0.4477798617041989
Plainfield,IN,86,3.104651162790697,4499,52.313953488372086,0.0067271925102304,0.0103656780881082,0.1902713212261514,-0.0378003714165475,0.39371640492247373,3.116681941432515,104,0.37700707831513736,0.15898493175128725,0.35353393099801866,0.09530784617745809,0.015152511419885358,0.3391506889648785,0.34592104403596585
Fishers,IN,139,3.546762589928057,13379,96.25179856115108,0.0246987537288965,0.0256262597178232,0.6316466062974687,-0.1216678223103924,0.5168703308122301,3.5665908188791793,203,0.4802079779169284,0.6779590717708384,0.4963168520127892,0.16435483530154904,0.1114258515820872,0.43966352999391406,0.4636538361106921
Zionsville,IN,50,3.65,4596,91.92,0.0069235034830018,0.0,0.7347121198843218,-0.1434806722353634,0.5207930034794295,3.5621081380684667,73,0.501791125718008,0.6944893257544618,0.5191607579455112,0.09632980222635694,0.06690001939824328,0.4564018273098894,0.48478246683193826
New Orleans,LA,1390,3.7651079136690666,386603,278.13165467625936,0.7800386145707265,0.3858335732795854,0.8496283719672245,0.1043435609080427,0.5518300563824552,3.7463184299352905,2258,0.7213740538761054,0.8252803478247446,0.7487190830203344,0.8834933165961751,0.7291296716213286,0.7391040153999928,0.7464569963576334
Harvey,LA,84,3.2619047619047614,4253,50.630952380952365,0.0062293316926863,0.0097898070832133,0.3472630836577899,-0.0692748930101788,0.39786045729544606,3.2592686194729312,117,0.4087934530132131,0.17644808609997198,0.3866522158936657,0.09266555901034192,0.016350660534758844,0.37064247333714445,0.37814127817330145
Gretna,LA,99,3.4898989898989887,5697,57.54545454545454,0.0091517342151811,0.0141088396199251,0.5748776875759598,-0.1146323222935789,0.4910235040599567,3.5246281214029698,137,0.46350592972128246,0.5690398100495104,0.47130756032023785,0.10724912764604781,0.06102902322368275,0.4205064816376551,0.44331315652852143
Metairie,LA,348,3.383620689655172,33363,95.87068965517236,0.0651428617687416,0.0858047797293406,0.4687763470819134,-0.086925272450814,0.4520745288363634,3.3715232312206234,522,0.4392784330887135,0.4049077227021556,0.4345617524752927,0.25953934625404484,0.10508948564333154,0.4045799287694103,0.417573509428622
Marrero,LA,59,3.1864406779661016,1871,31.71186440677966,0.0014085818252468,0.002591419522027,0.2719246519489811,-0.0544580653337809,0.4363911251899608,3.230237466164016,77,0.39781004978228296,0.33881741448691205,0.38805267871197807,0.06146212228935648,0.020824437362958168,0.35625338099958265,0.37118223707889475
Kenner,LA,156,3.214743589743589,8504,54.51282051282052,0.0148326094787842,0.0305211632594298,0.3001804376793413,-0.0617761317743051,0.383010356340629,3.16470983551536,228,0.3951138179836159,0.113869339084399,0.3681997162579929,0.1310334827703379,0.014920696080985361,0.35830485195765155,0.36324787977771217
Kirkwood,MO,55,3.6181818181818177,4488,81.6,0.0067049304411532,0.0014396775122372,0.7029469172489053,-0.1376688214828756,0.5161329226897395,3.551090096856682,82,0.4944527446415451,0.6748516130077655,0.5103246136733477,0.09519126161250144,0.06423997644344079,0.44926345001691526,0.47691727954501717
Florissant,MO,127,3.0590551181102352,4021,31.661417322834627,0.005759804417604,0.0221710336884537,0.1447511966972039,-0.0327216472371749,0.3878177439772131,3.1372195535267915,165,0.3633846253976675,0.13412780706592486,0.3380156317065387,0.09010267718402958,0.01208527450146283,0.3258113784500925,0.3315972315741227
St. Louis,MO,408,3.6286764705882346,38079,93.3308823529412,0.0746872179294656,0.1030809098761877,0.7134240954290738,-0.1362654830839382,0.521391692317851,3.6520491110434565,541,0.4937746025265297,0.6970122175162496,0.5113366550463696,0.27727673151452614,0.19326526949859765,0.4609619602446044,0.48022040506703045
Fenton,MO,67,3.104477611940298,2630,39.253731343283576,0.0029446645915719,0.0048949035416066,0.1900980593483367,-0.0380157506363633,0.375639614030728,3.1080782488691816,89,0.37529296804688694,0.08280882173628923,0.34600988881744305,0.0728699602933066,0.0060342755518589,0.338332434199,0.34201668096020715
Arnold,MO,74,3.094594594594596,2597,35.0945945945946,0.0028778783843404,0.0069104520587388,0.1802314978197903,-0.0366804959894095,0.39076915691999464,3.13331576333409,95,0.37420123099207203,0.14656514499694429,0.349780829799767,0.07241134818748449,0.010612979746522883,0.33618561327472485,0.3425964664691368
Saint Louis,MO,956,3.501569037656904,125409,131.180962343096,0.2514278081576316,0.2608695652173913,0.5865283040038072,-0.069852626287163,0.5039245619128601,3.510123488868631,1787,0.4900083706898827,0.6234052341005996,0.5019564379086566,0.5031934867635034,0.31369345341369875,0.47098525983996653,0.4833575666115082
Ballwin,MO,55,3.418181818181818,3957,71.94545454545454,0.005630279652064,0.0014396775122372,0.5032799292548648,-0.0982727492786121,0.42689289829046495,3.31060143020425,72,0.4451654842871739,0.29879161667930476,0.43235535612605785,0.0893827441319933,0.02670681462243092,0.40514687592037046,0.41769728927469585
Maryland Heights,MO,60,3.2666666666666666,3983,66.38333333333335,0.0056828990880646,0.0028793550244745,0.3520170595624099,-0.0684257688757919,0.4197420894991591,3.248165238703632,88,0.4137869739902814,0.26865790542243206,0.3986785555826087,0.08967591400552204,0.02409214322356569,0.37422197936272206,0.3855298052658903
Saint Charles,MO,93,3.2903225806451615,6144,66.06451612903228,0.0100563837494991,0.0123812266052404,0.3756335850240713,-0.0738128931116368,0.45701832282984933,3.289642033646535,122,0.42113673480602665,0.42574101094422057,0.4180090036174638,0.1113771914161501,0.04741783806963971,0.38017668633000573,0.39722477225772773
St Louis,MO,110,3.672727272727272,15454,140.49090909090913,0.0288981894866366,0.0172761301468471,0.7574015503381889,-0.1422140543683735,0.5270974064451106,3.6361603623111924,149,0.5105664874627494,0.7210562588328269,0.529962372701521,0.17664083645535242,0.12736798069159763,0.4705935448873981,0.49535446923421145
Cherry Hill,NJ,193,3.427461139896373,18850,97.6683937823834,0.0357710973580995,0.0411747768499856,0.5125438003417291,-0.0969756444442917,0.4756188275998216,3.4206813283838033,297,0.45202664871657205,0.504124066110218,0.45487717256761173,0.19508610410864605,0.09834760004485195,0.4142995259610751,0.43145952413000577
Burlington,NJ,61,3.229508196721312,2380,39.01639344262296,0.0024387084761816,0.0031672905269219,0.3149204607001298,-0.0627149250600117,0.43481163616732976,3.3204808708207167,86,0.40649055198915507,0.3321614029041058,0.39622552866283267,0.06932009307490486,0.023025459365203588,0.36531193430894243,0.3797393939414364
Sewell,NJ,60,3.5583333333333327,3084,51.39999999999999,0.0038634808971209,0.0028793550244745,0.6431980837203854,-0.127571682802859,0.5178835683094551,3.5248260756361294,85,0.4811095594265286,0.6822288833497943,0.4975440909305625,0.07890923686564286,0.053834160552831946,0.4347046186508663,0.46362582080792886
Sicklerville,NJ,61,3.180327868852458,2581,42.311475409836056,0.0028454971929554,0.0031672905269219,0.2658220210294625,-0.0526918427674913,0.35989258347981334,3.085503754828106,83,0.38934167427297944,0.01645038793907405,0.35499745471890554,0.07218794203007936,0.0011875196509181943,0.3534711678900899,0.3543172101815996
Mount Laurel,NJ,78,3.423076923076924,5938,76.12820512820511,0.0096394759104174,0.0080621940685286,0.5081668835064677,-0.0992322969666434,0.4684919759034281,3.4656231588057587,109,0.4499197064352447,0.47409131073144395,0.4504796399180463,0.10949410934356434,0.05191020581606246,0.4082615294265081,0.42725704817699495
Glassboro,NJ,56,3.1339285714285707,2494,44.53571428571428,0.0026694244647996,0.0017276130146847,0.2194999812211262,-0.0430835679162308,0.4069968678516323,3.176694247236751,73,0.3851491689109029,0.21494917956496473,0.36594440008223617,0.07096086212078073,0.015252979094084402,0.3459747800351481,0.3553304123272279
Trenton,NJ,145,3.5758620689655167,3315,22.86206896551724,0.0043309843477416,0.0273538727325079,0.6606976329554954,-0.1381801962369806,0.4791075508782785,3.576218525139861,192,0.47357651359827113,0.5188256450499271,0.47754832301543604,0.08181113634738799,0.04244571558770111,0.4299103300692134,0.4518235899803268
Marlton,NJ,85,3.5705882352941183,7896,92.8941176470588,0.0136021242061548,0.0100777425856608,0.655432580533747,-0.1273087767793702,0.5002232000226826,3.4946138364670514,123,0.48352636301578134,0.6078075900143236,0.49428480201494546,0.1262624547475055,0.07674327832937392,0.44117837084645045,0.4645745287245369
Camden,NJ,51,3.715686274509803,1175,23.039215686274517,0.0,0.0002879355024474,0.8002890228039321,-0.1601441852115206,0.4854784570384449,3.7579942265303865,59,0.5085192696138967,0.5456728244778677,0.5145387063578389,0.048706799354942834,0.02657797677528844,0.462629221587581,0.48725506513394556
Medford,NJ,52,3.5192307692307687,3178,61.11538461538462,0.0040537203965076,0.0005758710048949,0.6041606277343716,-0.1189780266500889,0.5022927199945635,3.49542808535525,72,0.47251012440346524,0.6165286059291686,0.4839337129969257,0.08010278301651162,0.04938565714421659,0.4272194181184305,0.45330996872029267
Reno,NV,797,3.583437892095354,151258,189.78419071518195,0.3037416466645349,0.2150878203282464,0.6682608418850464,-0.0463076911432157,0.5163950920849999,3.5783282084672052,1287,0.5422619901528494,0.6759564022823394,0.5582181211725833,0.5526241188844672,0.3735498112155923,0.5279774620659086,0.539607383391693
Sparks,NV,240,3.4041666666666663,32698,136.2416666666666,0.0637970185018032,0.0547077454650158,0.4892881138083126,-0.0823714371502656,0.4579654750596032,3.397199442016646,334,0.45276065402883936,0.4297323373299027,0.44993734025586934,0.25693972406269316,0.11041530817436138,0.4180056373403152,0.43164057431446434
Collegeville,PA,54,3.6481481481481497,4595,85.0925925925926,0.0069214796585403,0.0011517420097898,0.7328633514769707,-0.1434574530690609,0.5225684960816046,3.582083972167438,78,0.5012525891640337,0.7019713019859768,0.5191928697544709,0.09631932191275074,0.06761339980950005,0.45575707953682326,0.48444037863809913
Langhorne,PA,73,3.3219178082191774,5046,69.12328767123286,0.0078342244907045,0.0066225165562913,0.4071762046475209,-0.0795048836510393,0.4521785210450086,3.2971769737352177,99,0.4278000278633995,0.4053459488217086,0.4231167706410695,0.10093557972088603,0.040913828331831756,0.3866735585920818,0.40324118442451923
Upper Darby,PA,71,3.471830985915493,3387,47.70422535211267,0.004476699708974,0.0060466455513964,0.5568397679037141,-0.1109435973916747,0.45244806307808855,3.4500725919045254,104,0.4565894461067223,0.40648180660136246,0.4519928204590497,0.08269481062019839,0.03361393601745578,0.41470603340065904,0.4318925651144303
Wayne,PA,67,3.6865671641791034,8028,119.82089552238811,0.0138692690350809,0.0048949035416066,0.7712183975399463,-0.1487775160529307,0.5377267404005531,3.542322133004357,128,0.5120955900995949,0.7658485738861402,0.5349077734481535,0.12731346569056137,0.09750283613561847,0.4680731996731014,0.49730880820560075
Doylestown,PA,101,3.663366336633663,7491,74.16831683168317,0.0127824752992224,0.01468471062482,0.7480562007651105,-0.1476254156908569,0.5608558778942867,3.647805393888781,156,0.5064044048746936,0.8633154159172214,0.5366503586769872,0.12298171842963412,0.10617201339629419,0.4609360184248944,0.4941237116460872
Royersford,PA,52,3.5096153846153846,3046,58.57692307692309,0.0037865755675815,0.0005758710048949,0.5945612533115812,-0.1171917241799939,0.46541920993315816,3.349808069107781,73,0.46679604058119617,0.4611425876973956,0.4663683783576199,0.07842158363431888,0.03616353200845754,0.4238704727887261,0.44350057775112917
Levittown,PA,87,3.385057471264368,3146,36.16091954022989,0.0039889580137377,0.0106536135905557,0.4702107363634804,-0.0952437523429939,0.4321718790949961,3.4564103399902915,117,0.43565883431052405,0.3210373916590137,0.4245453855669258,0.07969847616741686,0.025586190907985574,0.395000265491823,0.40869296388466203
Willow Grove,PA,63,3.277777777777778,5319,84.42857142857143,0.0083867285687108,0.0037431615318168,0.3631096700065237,-0.0695515181764943,0.4624647689334961,3.3449293396910162,91,0.42110015386259364,0.4486924894487154,0.4197229259141156,0.1036300371382522,0.04649801934522521,0.37950347890376657,0.3977076378701153
Havertown,PA,56,3.625,3358,59.96428571428573,0.0044180087995887,0.0017276130146847,0.7097537463850659,-0.1402600287816242,0.5445490263929157,3.5918953643932974,91,0.4976545715317349,0.7945978807415564,0.522659456966599,0.08234002689846087,0.06542721087371975,0.4497423899798153,0.4831504633695005
Bryn Mawr,PA,50,3.64,3823,76.46,0.0053590871742148,0.0,0.724728770484619,-0.1422662105098163,0.536608011828796,3.577296422220341,93,0.5007501901494894,0.7611342199242317,0.523202810959033,0.08785627942734447,0.06687042070737716,0.4537764310373475,0.4854140543215321
Glen Mills,PA,51,3.6372549019607847,5059,99.19607843137256,0.0078605342087048,0.0002879355024474,0.7219882431984275,-0.1405537621860673,0.5421993999711832,3.565759452299407,75,0.5016754216695515,0.7846964882948597,0.5259251305019192,0.10106551615497512,0.07930575561451639,0.45538605723388487,0.4870833327976114
Pottstown,PA,101,3.465346534653464,4011,39.71287128712872,0.0057395661729884,0.01468471062482,0.5503661136422972,-0.1116088528294112,0.47967091555173325,3.454398942566892,137,0.45593072756538205,0.5211996797776977,0.46008360398797854,0.08999056730213482,0.04690305486088602,0.41265394149629736,0.43431059830774305
Conshohocken,PA,66,3.53030303030303,8337,126.31818181818178,0.0144946307937034,0.0046069680391592,0.6152144528272813,-0.1171776655803523,0.5098518517482552,3.457041616756224,103,0.4784438376460154,0.648383001741758,0.49229695264536566,0.12974049763414552,0.08412153330349673,0.43587080580153953,0.4606025340979629
Philadelphia,PA,3523,3.58487084870849,495289,140.58728356514342,1.0,1.0,0.6696914125394016,0.0660617174921196,0.5041416959580843,3.5556997353935187,5849,0.5843524521036888,0.6243202431315751,0.5963703068210379,1.0,0.6243202431315751,0.5963703068210379,0.615154294664459
Kennett Square,PA,63,3.738095238095237,3795,60.23809523809524,0.0053024200892911,0.0037431615318168,0.8226606741197909,-0.1630038732388577,0.5585478336470957,3.706331160425178,88,0.5213849377648392,0.8535892519345538,0.550889079593585,0.08753395446443259,0.07471804271016831,0.4730019586711464,0.5084747380013219
Phoenixville,PA,83,3.469879518072289,6296,75.855421686747,0.0103640050676564,0.0095018715807659,0.5548915493716161,-0.1086468688147247,0.5080411243108625,3.478553058127774,140,0.46307746285824225,0.640752544914325,0.47634860491858855,0.1127464868621829,0.0722425983870932,0.41949761026586535,0.4448291779262551
Exton,PA,84,3.3511904761904767,6310,75.11904761904763,0.0103923386101183,0.0097898070832133,0.4364001318694162,-0.0850207991937881,0.4136275290314744,3.2014227909070616,140,0.429862772596114,0.24289097402022208,0.4127891170949888,0.11287177071828686,0.027415534329151878,0.39124157312588176,0.4011641853244836
Norristown,PA,105,3.6619047619047618,4883,46.504761904761914,0.00750434110347,0.0158364526346098,0.7465970596458718,-0.1503181771678222,0.48917201987672276,3.51951523537832,161,0.4964874145678517,0.5612376031380248,0.5036939728939819,0.0992919456248611,0.055726373573408136,0.45314284993752024,0.47600730979225414
West Chester,PA,186,3.599462365591398,12764,68.62365591397852,0.0234541016850362,0.0391592283328534,0.6842586336707736,-0.1368724443914926,0.5191881604621651,3.565804807020461,280,0.4864044149545297,0.6877264717184748,0.5032582460801607,0.1605329019119824,0.11040272622665566,0.4455258715309787,0.47004462757848875
Ardmore,PA,69,3.7971014492753614,6340,91.88405797101453,0.0104530533439651,0.0054707745465015,0.8815686364161693,-0.1727284329752017,0.5624717523171141,3.694070928687256,126,0.5351008914885809,0.8701247566094306,0.5658661919178125,0.11313976896825303,0.09844571393634838,0.48869828765050427,0.5228826067545393
Bensalem,PA,116,3.2844827586206886,6971,60.0948275862069,0.0117300865792104,0.0190037431615318,0.3698034866538325,-0.0737967769896208,0.4227522387677734,3.2587150897811403,165,0.41522683289076845,0.2813427598980256,0.40108588500379366,0.11863646566169199,0.033377510673807766,0.37628936008137187,0.3876052513378529
Malvern,PA,66,3.719696969696969,6055,91.74242424242425,0.0098762633724201,0.0046069680391592,0.8042930399428504,-0.1573025667141078,0.5436351569942702,3.6900203940353222,113,0.5177905386252174,0.7907468091510597,0.5425017038408964,0.11056756169719135,0.08743094660766698,0.472170117586557,0.5034581765519643
Lansdale,PA,86,3.6162790697674416,5143,59.80232558139535,0.008030535463476,0.0103656780881082,0.7010473370248613,-0.1393039030996667,0.4997966416478229,3.5486883694885276,131,0.4902916423287125,0.6060100609127412,0.5009129842552044,0.10190111141481414,0.06175309873556755,0.44648728803748694,0.4710140079827411
Warminster,PA,67,3.4328358208955225,3084,46.02985074626865,0.0038634808971209,0.0048949035416066,0.5179095321743743,-0.1031186370487964,0.48592770955668574,3.4681079553786507,93,0.4522515986869098,0.5475659873439416,0.4584154264656354,0.07890923686564286,0.04320801419489268,0.4079796291507305,0.43123030114329436
Springfield,PA,63,3.26984126984127,4244,67.36507936507937,0.0062111172725322,0.0037431615318168,0.355186376832157,-0.0690546651897103,0.4316530326258729,3.2290805758463987,93,0.4155640770784865,0.31885095790816087,0.40428386960671536,0.0925674598202128,0.029515223234800044,0.37535029613937926,0.3886518775749339
Media,PA,90,3.705555555555556,8694,96.6,0.0152171361264809,0.011517420097898,0.790175172104889,-0.1538816923871067,0.523956141715128,3.560028029873717,140,0.5130622770137135,0.7078188800806806,0.5314485508502688,0.13248919964262273,0.09377835691382694,0.4700444985335834,0.49681846365255883
North Wales,PA,59,3.3983050847457625,5783,98.01694915254237,0.0093257831188754,0.002591419522027,0.4834362917731767,-0.0928017926518057,0.45493647716910496,3.292527175555289,96,0.4451337934624879,0.4169680542265808,0.44133695116823546,0.10805559392838004,0.045055730748614166,0.4041457188204388,0.42095483761285024
Newtown,PA,64,3.648437499999999,5973,93.32812499999997,0.009710309766572,0.0040310970342643,0.7331522215406171,-0.1429846185351166,0.5401289733782647,3.569819349128093,101,0.5033181364422994,0.7759716518532243,0.5269024042897954,0.10981632753936577,0.08521435708117638,0.4578266748125906,0.4885893371854627
New Hope,PA,53,3.6226415094339615,7004,132.15094339622644,0.0117968727864419,0.0008638065073423,0.7073991828474,-0.1358405421284617,0.5640183460567813,3.5026220652844087,99,0.5023412783375323,0.8766421465359351,0.5336036583854477,0.11891694055733519,0.10424760202966851,0.45636420393482097,0.4903613946979729
Downingtown,PA,65,3.492307692307693,4294,66.06153846153848,0.0063123084956103,0.0043190325367117,0.577282379350559,-0.1135960313833202,0.4698469887586238,3.386204241221276,97,0.4636703883832048,0.47980137337183537,0.46466582684452595,0.09311114744977443,0.044674856422629236,0.4211531751496053,0.4409913736007147
King of Prussia,PA,80,3.4375,12549,156.8625,0.0230189794258005,0.0086380650734235,0.5225659451406526,-0.0955951188372573,0.449689943197964,3.3031636399652324,153,0.4560983555962201,0.3948590111239385,0.45061526238881755,0.1591751318527502,0.06285173515889947,0.4174145347923136,0.4320232608039106
Gallatin,TN,57,3.201754385964912,1849,32.43859649122806,0.0013640576870924,0.0020155485171321,0.2872128617046949,-0.0573652080525324,0.3944659623205129,3.1688369752146697,63,0.3968301270926876,0.16214358790643812,0.3735978896512801,0.06109970511466618,0.009906925407317323,0.35837422340136804,0.3655589131403128
Hermitage,TN,74,3.1689189189189197,4863,65.7162162162162,0.0074638646142388,0.0069104520587388,0.25443206768244,-0.0492276168469902,0.3852946548161569,3.25312979855872,97,0.3903282892461776,0.12349543771113902,0.3641483675356758,0.09908839488674547,0.012236964698632821,0.35302252023442515,0.3583467888808307
Madison,TN,64,2.9140625000000004,2424,37.875,0.0025277567524903,0.0040310970342643,0.0,5.454926596586054e-05,0.3559888632346579,3.0680785320415946,94,0.33540065991418266,0.0,0.29980177359071686,0.06995793254763011,0.0,0.29980177359071686,0.29992816142834133
Goodlettsville,TN,56,3.357142857142858,2429,43.37499999999999,0.0025378758747981,0.0017276130146847,0.4423426017501912,-0.0877178663170446,0.4526296354635573,3.4398587667960494,75,0.43422835034190777,0.4072469577885385,0.4296900825744059,0.07003004671227527,0.02851952347736334,0.39181733914328837,0.40945462847871894
Brentwood,TN,109,3.4633027522935778,10995,100.87155963302752,0.0198739562125339,0.0169881946443996,0.5483257343027281,-0.1048246271475985,0.4980560987732329,3.461347909748696,156,0.46232388082956255,0.5986753638254874,0.47238580733478797,0.14899382702024297,0.08919893359909568,0.4214381643121488,0.4434457369541403
Mount Juliet,TN,65,3.3384615384615377,4217,64.87692307692308,0.00615647401207,0.0043190325367117,0.423692388585911,-0.0829559504721607,0.45359666300503426,3.3471679744042606,103,0.43126502386150006,0.41132203930207845,0.4270375614912045,0.09227253648930096,0.03795372788035472,0.38970073034903213,0.40677928322670415
Antioch,TN,75,3.1333333333333324,4414,58.85333333333331,0.0065551674309977,0.0071983875611862,0.2189057342330485,-0.0426630793994667,0.3912170984505393,3.2205325297861593,103,0.38336540739570685,0.14845278332364753,0.3590889758830177,0.09440322329161355,0.014014421252363822,0.34564513967588933,0.35199409508838514
Franklin,TN,300,3.466666666666665,30718,102.39333333333332,0.0597898460679114,0.0719838756118629,0.5516840475564495,-0.102037049160893,0.48167933931964735,3.4231160307545765,442,0.4608255191868603,0.5296632345545149,0.4656239087103471,0.24903886401980477,0.1319067302465118,0.42584825827954675,0.44213023928601686
Smyrna,TN,131,3.2366412213740454,5830,44.50381679389313,0.0094209028685687,0.0233227756982435,0.3220416084386222,-0.0666947029629131,0.40206437482624796,3.274338995668853,167,0.40138628760830364,0.19416351392331266,0.3805962015180101,0.10849380383851913,0.02106553819219346,0.3632864039448982,0.3713590709652729
Hendersonville,TN,127,3.3740157480314976,8262,65.05511811023621,0.0143428439590863,0.0221710336884537,0.459187398262625,-0.0913173677795179,0.47065674212429354,3.402987389864648,183,0.4379889813420528,0.48321369704353523,0.43924467683397694,0.12915560376377536,0.06240975678858382,0.3971642828084818,0.41580113417975445
Nashville,TN,1680,3.570833333333337,260828,155.25476190476166,0.5254920929178287,0.4693348689893464,0.6556772704700171,-0.0091898683318929,0.5108509624230464,3.5664244176860542,2502,0.5516169268066357,0.6525932824899192,0.565791158813323,0.7256843617194585,0.4735767396661033,0.5478895045309413,0.5594360993347184
